{
  "title": "Rock, Paper, Scissors!",
  "description": "Play rock, paper, scissors with another user!",
  "version": "1.0.0",
  "scripts": ["rps.js"],
  "socket": true,
  "url": "https://github.com/therealguy90/fvtt-rps",
  "manifest": "https://github.com/therealguy90/fvtt-rps/releases/latest/download/module.json",
  "download": "https://github.com/therealguy90/fvtt-rps/releases/download/1.0.0/rockpaperscissors.zip",
  "readme": "https://github.com/therealguy90/fvtt-rps/blob/main/README.md",
  "id": "rockpaperscissors",
  "authors": [
    {
      "name": "loki123",
      "discord": "loki123"
    }
  ],
  "compatibility": {
    "verified": "11"
  },
  "relationships": {
    "requires": [
      {
        "id": "socketlib",
        "type": "module",
        "manifest": "https://raw.githubusercontent.com/manuelVo/foundryvtt-socketlib/master/module.json",
        "compatibility": {
          "verified": "1.0.13"
        }
      }
    ]
  }
}
